{
  "project_info": {
    "project_number": "336873992355",
    "project_id": "chat-flutter-44789",
    "storage_bucket": "chat-flutter-44789.firebasestorage.app"
  },
  "client": [
    {
      "client_info": {
        "mobilesdk_app_id": "1:336873992355:android:e315b0722ee494b9d1cf16",
        "android_client_info": {
          "package_name": "com.example.flutter_project"
        }
      },
      "oauth_client": [],
      "api_key": [
        {
          "current_key": "AIzaSyA8zLMcGFqz3xMI3XR-92ybfbDDCcBc6lU"
        }
      ],
      "services": {
        "appinvite_service": {
          "other_platform_oauth_client": []
        }
      }
    }
  ],
  "configuration_version": "1"
}